row_id,num_sold
22297.0,693
22298.0,143
22299.0,526
22300.0,1176
22301.0,303
22302.0,287
22303.0,653
22304.0,156
22305.0,524
22306.0,1138
22307.0,318
22308.0,479
22309.0,1051
22310.0,271
22311.0,815
22312.0,1805
22313.0,490
22314.0,287
22315.0,698
22316.0,147
22317.0,531
22318.0,1181
22319.0,308
22320.0,258
22321.0,624
22322.0,127
22323.0,477
22324.0,1092
22325.0,271
22326.0,441
22327.0,1023
22328.0,233
22329.0,769
22330.0,1769
22331.0,443
22332.0,278
22333.0,687
22334.0,138
22335.0,494
22336.0,1142
22337.0,271
22338.0,269
22339.0,638
22340.0,139
22341.0,500
22342.0,1133
22343.0,295
22344.0,456
22345.0,1033
22346.0,249
22347.0,791
22348.0,1801
22349.0,467
22350.0,272
22351.0,692
22352.0,135
22353.0,500
22354.0,1175
22355.0,281
22356.0,273
22357.0,643
22358.0,138
22359.0,509
22360.0,1142
22361.0,298
22362.0,459
22363.0,1036
22364.0,247
22365.0,800
22366.0,1810
22367.0,470
22368.0,267
22369.0,695
22370.0,125
22371.0,503
22372.0,1186
22373.0,278
22374.0,283
22375.0,633
22376.0,148
22377.0,501
22378.0,1106
22379.0,290
22380.0,469
22381.0,1020
22382.0,256
22383.0,789
22384.0,1765
22385.0,459
22386.0,287
22387.0,693
22388.0,142
22389.0,515
22390.0,1167
22391.0,287
22392.0,286
22393.0,653
22394.0,146
22395.0,502
22396.0,1124
22397.0,286
22398.0,473
22399.0,1047
22400.0,255
22401.0,793
22402.0,1793
22403.0,458
22404.0,299
22405.0,717
22406.0,149
22407.0,525
22408.0,1189
22409.0,292
22410.0,302
22411.0,680
22412.0,161
22413.0,518
22414.0,1151
22415.0,301
22416.0,486
22417.0,1072
22418.0,268
22419.0,806
22420.0,1817
22421.0,471
22422.0,314
22423.0,744
22424.0,164
22425.0,540
22426.0,1216
22427.0,307
22428.0,262
22429.0,585
22430.0,141
22431.0,445
22432.0,1041
22433.0,248
22434.0,446
22435.0,968
22436.0,247
22437.0,733
22438.0,1699
22439.0,411
22440.0,272
22441.0,645
22442.0,141
22443.0,464
22444.0,1103
22445.0,251
22446.0,330
22447.0,586
22448.0,149
22449.0,610
22450.0,1178
22451.0,266
22452.0,574
22453.0,1088
22454.0,284
22455.0,1103
22456.0,2085
22457.0,545
22458.0,356
22459.0,677
22460.0,162
22461.0,664
22462.0,1290
22463.0,299
22464.0,197
22465.0,490
22466.0,90
22467.0,354
22468.0,941
22469.0,184
22470.0,398
22471.0,921
22472.0,165
22473.0,760
22474.0,1728
22475.0,397
22476.0,220
22477.0,550
22478.0,98
22479.0,405
22480.0,1021
22481.0,212
22482.0,215
22483.0,540
22484.0,105
22485.0,373
22486.0,990
22487.0,203
22488.0,416
22489.0,970
22490.0,179
22491.0,778
22492.0,1778
22493.0,414
22494.0,239
22495.0,599
22496.0,113
22497.0,424
22498.0,1070
22499.0,231
22500.0,200
22501.0,529
22502.0,99
22503.0,367
22504.0,864
22505.0,205
22506.0,357
22507.0,899
22508.0,175
22509.0,641
22510.0,1494
22511.0,346
22512.0,210
22513.0,563
22514.0,94
22515.0,383
22516.0,898
22517.0,195
22518.0,188
22519.0,512
22520.0,88
22521.0,355
22522.0,848
22523.0,193
22524.0,347
22525.0,885
22526.0,165
22527.0,636
22528.0,1485
22529.0,341
22530.0,198
22531.0,547
22532.0,82
22533.0,372
22534.0,882
22535.0,184
22536.0,240
22537.0,562
22538.0,110
22539.0,419
22540.0,910
22541.0,225
22542.0,405
22543.0,937
22544.0,191
22545.0,705
22546.0,1548
22547.0,375
22548.0,243
22549.0,590
22550.0,108
22551.0,428
22552.0,937
22553.0,223
22554.0,233
22555.0,546
22556.0,111
22557.0,419
22558.0,892
22559.0,228
22560.0,387
22561.0,895
22562.0,187
22563.0,681
22564.0,1520
22565.0,361
22566.0,237
22567.0,573
22568.0,109
22569.0,428
22570.0,919
22571.0,226
22572.0,196
22573.0,519
22574.0,83
22575.0,369
22576.0,850
22577.0,192
22578.0,349
22579.0,853
22580.0,160
22581.0,631
22582.0,1462
22583.0,325
22584.0,199
22585.0,546
22586.0,82
22587.0,379
22588.0,877
22589.0,190
22590.0,190
22591.0,502
22592.0,77
22593.0,370
22594.0,863
22595.0,192
22596.0,348
22597.0,855
22598.0,158
22599.0,632
22600.0,1491
22601.0,326
22602.0,193
22603.0,529
22604.0,75
22605.0,379
22606.0,891
22607.0,190
22608.0,201
22609.0,547
22610.0,99
22611.0,380
22612.0,908
22613.0,213
22614.0,345
22615.0,855
22616.0,166
22617.0,630
22618.0,1492
22619.0,334
22620.0,215
22621.0,589
22622.0,97
22623.0,400
22624.0,948
22625.0,211
22626.0,253
22627.0,589
22628.0,118
22629.0,454
22630.0,1014
22631.0,255
22632.0,412
22633.0,917
22634.0,201
22635.0,717
22636.0,1615
22637.0,389
22638.0,254
22639.0,618
22640.0,114
22641.0,461
22642.0,1040
22643.0,250
22644.0,247
22645.0,573
22646.0,112
22647.0,439
22648.0,989
22649.0,239
22650.0,405
22651.0,904
22652.0,193
22653.0,700
22654.0,1593
22655.0,372
22656.0,248
22657.0,602
22658.0,107
22659.0,446
22660.0,1015
22661.0,233
22662.0,241
22663.0,578
22664.0,106
22665.0,438
22666.0,984
22667.0,238
22668.0,403
22669.0,914
22670.0,192
22671.0,706
22672.0,1596
22673.0,378
22674.0,242
22675.0,607
22676.0,101
22677.0,445
22678.0,1010
22679.0,232
22680.0,246
22681.0,615
22682.0,103
22683.0,443
22684.0,1043
22685.0,235
22686.0,406
22687.0,965
22688.0,187
22689.0,709
22690.0,1669
22691.0,373
22692.0,247
22693.0,643
22694.0,98
22695.0,449
22696.0,1069
22697.0,229
22698.0,218
22699.0,574
22700.0,91
22701.0,417
22702.0,978
22703.0,225
22704.0,383
22705.0,907
22706.0,179
22707.0,688
22708.0,1588
22709.0,367
22710.0,222
22711.0,605
22712.0,86
22713.0,427
22714.0,1007
22715.0,219
22716.0,211
22717.0,583
22718.0,84
22719.0,409
22720.0,988
22721.0,218
22722.0,382
22723.0,917
22724.0,177
22725.0,686
22726.0,1598
22727.0,366
22728.0,213
22729.0,615
22730.0,76
22731.0,418
22732.0,1017
22733.0,210
22734.0,255
22735.0,619
22736.0,123
22737.0,478
22738.0,1056
22739.0,267
22740.0,434
22741.0,984
22742.0,224
22743.0,755
22744.0,1688
22745.0,425
22746.0,261
22747.0,653
22748.0,117
22749.0,491
22750.0,1087
22751.0,259
22752.0,215
22753.0,567
22754.0,89
22755.0,419
22756.0,962
22757.0,218
22758.0,394
22759.0,932
22760.0,191
22761.0,696
22762.0,1594
22763.0,375
22764.0,221
22765.0,601
22766.0,86
22767.0,432
22768.0,993
22769.0,215
22770.0,219
22771.0,567
22772.0,91
22773.0,430
22774.0,1002
22775.0,227
22776.0,401
22777.0,936
22778.0,196
22779.0,720
22780.0,1649
22781.0,398
22782.0,243
22783.0,618
22784.0,106
22785.0,460
22786.0,1051
22787.0,240
22788.0,268
22789.0,624
22790.0,117
22791.0,494
22792.0,1095
22793.0,267
22794.0,478
22795.0,1038
22796.0,226
22797.0,808
22798.0,1783
22799.0,439
22800.0,267
22801.0,649
22802.0,106
22803.0,499
22804.0,1119
22805.0,256
22806.0,228
22807.0,581
22808.0,104
22809.0,448
22810.0,1030
22811.0,245
22812.0,389
22813.0,932
22814.0,195
22815.0,712
22816.0,1655
22817.0,398
22818.0,229
22819.0,626
22820.0,95
22821.0,455
22822.0,1073
22823.0,235
22824.0,284
22825.0,659
22826.0,153
22827.0,523
22828.0,1150
22829.0,317
22830.0,476
22831.0,1053
22832.0,268
22833.0,813
22834.0,1812
22835.0,488
22836.0,281
22837.0,701
22838.0,142
22839.0,527
22840.0,1189
22841.0,304
22842.0,282
22843.0,648
22844.0,152
22845.0,519
22846.0,1134
22847.0,313
22848.0,475
22849.0,1047
22850.0,267
22851.0,810
22852.0,1800
22853.0,485
22854.0,283
22855.0,693
22856.0,143
22857.0,526
22858.0,1176
22859.0,303
22860.0,249
22861.0,620
22862.0,123
22863.0,476
22864.0,1094
22865.0,274
22866.0,451
22867.0,1037
22868.0,247
22869.0,781
22870.0,1785
22871.0,460
22872.0,288
22873.0,695
22874.0,148
22875.0,529
22876.0,1169
22877.0,306
22878.0,258
22879.0,624
22880.0,127
22881.0,477
22882.0,1092
22883.0,271
22884.0,441
22885.0,1023
22886.0,233
22887.0,769
22888.0,1769
22889.0,443
22890.0,278
22891.0,687
22892.0,138
22893.0,494
22894.0,1142
22895.0,271
22896.0,269
22897.0,638
22898.0,139
22899.0,500
22900.0,1133
22901.0,295
22902.0,456
22903.0,1033
22904.0,249
22905.0,791
22906.0,1801
22907.0,467
22908.0,272
22909.0,692
22910.0,135
22911.0,500
22912.0,1175
22913.0,281
22914.0,277
22915.0,644
22916.0,142
22917.0,505
22918.0,1127
22919.0,294
22920.0,464
22921.0,1038
22922.0,251
22923.0,794
22924.0,1793
22925.0,464
22926.0,283
22927.0,701
22928.0,138
22929.0,524
22930.0,1187
22931.0,296
22932.0,283
22933.0,633
22934.0,148
22935.0,501
22936.0,1106
22937.0,290
22938.0,469
22939.0,1020
22940.0,256
22941.0,789
22942.0,1765
22943.0,459
22944.0,287
22945.0,693
22946.0,142
22947.0,515
22948.0,1167
22949.0,287
22950.0,286
22951.0,653
22952.0,146
22953.0,502
22954.0,1124
22955.0,286
22956.0,473
22957.0,1047
22958.0,255
22959.0,793
22960.0,1793
22961.0,458
22962.0,299
22963.0,717
22964.0,149
22965.0,525
22966.0,1189
22967.0,292
22968.0,268
22969.0,624
22970.0,128
22971.0,484
22972.0,1094
22973.0,268
22974.0,452
22975.0,1007
22976.0,234
22977.0,772
22978.0,1752
22979.0,437
22980.0,280
22981.0,687
22982.0,130
22983.0,506
22984.0,1159
22985.0,274
22986.0,330
22987.0,586
22988.0,149
22989.0,610
22990.0,1178
22991.0,266
22992.0,574
22993.0,1088
22994.0,284
22995.0,1103
22996.0,2085
22997.0,545
22998.0,356
22999.0,677
23000.0,162
23001.0,664
23002.0,1290
23003.0,299
23004.0,197
23005.0,490
23006.0,90
23007.0,354
23008.0,941
23009.0,184
23010.0,398
23011.0,921
23012.0,165
23013.0,760
23014.0,1728
23015.0,397
23016.0,220
23017.0,550
23018.0,98
23019.0,405
23020.0,1021
23021.0,212
23022.0,215
23023.0,540
23024.0,105
23025.0,373
23026.0,990
23027.0,203
23028.0,416
23029.0,970
23030.0,179
23031.0,778
23032.0,1778
23033.0,414
23034.0,239
23035.0,599
23036.0,113
23037.0,424
23038.0,1070
23039.0,231
23040.0,200
23041.0,529
23042.0,99
23043.0,367
23044.0,864
23045.0,205
23046.0,357
23047.0,899
23048.0,175
23049.0,641
23050.0,1494
23051.0,346
23052.0,210
23053.0,563
23054.0,94
23055.0,383
23056.0,898
23057.0,195
23058.0,188
23059.0,512
23060.0,88
23061.0,355
23062.0,848
23063.0,193
23064.0,347
23065.0,885
23066.0,165
23067.0,636
23068.0,1485
23069.0,341
23070.0,198
23071.0,547
23072.0,82
23073.0,372
23074.0,882
23075.0,184
23076.0,199
23077.0,514
23078.0,88
23079.0,364
23080.0,827
23081.0,192
23082.0,349
23083.0,878
23084.0,162
23085.0,622
23086.0,1441
23087.0,321
23088.0,200
23089.0,539
23090.0,84
23091.0,374
23092.0,854
23093.0,190
23094.0,233
23095.0,546
23096.0,111
23097.0,419
23098.0,892
23099.0,228
23100.0,387
23101.0,895
23102.0,187
23103.0,681
23104.0,1520
23105.0,361
23106.0,237
23107.0,573
23108.0,109
23109.0,428
23110.0,919
23111.0,226
23112.0,200
23113.0,530
23114.0,87
23115.0,370
23116.0,851
23117.0,192
23118.0,353
23119.0,883
23120.0,164
23121.0,632
23122.0,1481
23123.0,326
23124.0,203
23125.0,558
23126.0,86
23127.0,379
23128.0,878
23129.0,190
23130.0,190
23131.0,502
23132.0,77
23133.0,370
23134.0,863
23135.0,192
23136.0,348
23137.0,855
23138.0,158
23139.0,632
23140.0,1491
23141.0,326
23142.0,193
23143.0,529
23144.0,75
23145.0,379
23146.0,891
23147.0,190
23148.0,251
23149.0,590
23150.0,135
23151.0,452
23152.0,983
23153.0,272
23154.0,411
23155.0,917
23156.0,218
23157.0,716
23158.0,1584
23159.0,406
23160.0,252
23161.0,618
23162.0,131
23163.0,459
23164.0,1010
23165.0,267
23166.0,253
23167.0,589
23168.0,118
23169.0,454
23170.0,1014
23171.0,255
23172.0,412
23173.0,917
23174.0,201
23175.0,717
23176.0,1615
23177.0,389
23178.0,254
23179.0,618
23180.0,114
23181.0,461
23182.0,1040
23183.0,250
23184.0,246
23185.0,572
23186.0,110
23187.0,437
23188.0,987
23189.0,238
23190.0,410
23191.0,909
23192.0,198
23193.0,705
23194.0,1598
23195.0,377
23196.0,246
23197.0,600
23198.0,105
23199.0,444
23200.0,1014
23201.0,232
23202.0,241
23203.0,578
23204.0,106
23205.0,438
23206.0,984
23207.0,238
23208.0,403
23209.0,914
23210.0,192
23211.0,706
23212.0,1596
23213.0,378
23214.0,242
23215.0,607
23216.0,101
23217.0,445
23218.0,1010
23219.0,232
23220.0,243
23221.0,601
23222.0,100
23223.0,439
23224.0,1032
23225.0,231
23226.0,401
23227.0,950
23228.0,181
23229.0,703
23230.0,1657
23231.0,367
23232.0,244
23233.0,629
23234.0,95
23235.0,446
23236.0,1058
23237.0,226
23238.0,218
23239.0,574
23240.0,91
23241.0,417
23242.0,978
23243.0,225
23244.0,383
23245.0,907
23246.0,179
23247.0,688
23248.0,1588
23249.0,367
23250.0,222
23251.0,605
23252.0,86
23253.0,427
23254.0,1007
23255.0,219
23256.0,221
23257.0,589
23258.0,97
23259.0,418
23260.0,992
23261.0,226
23262.0,395
23263.0,926
23264.0,190
23265.0,695
23266.0,1602
23267.0,374
23268.0,228
23269.0,623
23270.0,95
23271.0,431
23272.0,1024
23273.0,223
23274.0,255
23275.0,619
23276.0,123
23277.0,478
23278.0,1056
23279.0,267
23280.0,434
23281.0,984
23282.0,224
23283.0,755
23284.0,1688
23285.0,425
23286.0,261
23287.0,653
23288.0,117
23289.0,491
23290.0,1087
23291.0,259
23292.0,242
23293.0,597
23294.0,115
23295.0,452
23296.0,1021
23297.0,249
23298.0,425
23299.0,966
23300.0,220
23301.0,730
23302.0,1655
23303.0,408
23304.0,250
23305.0,631
23306.0,113
23307.0,465
23308.0,1053
23309.0,246
23310.0,219
23311.0,567
23312.0,91
23313.0,430
23314.0,1002
23315.0,227
23316.0,401
23317.0,936
23318.0,196
23319.0,720
23320.0,1649
23321.0,398
23322.0,243
23323.0,618
23324.0,106
23325.0,460
23326.0,1051
23327.0,240
23328.0,254
23329.0,616
23330.0,119
23331.0,473
23332.0,1065
23333.0,262
23334.0,442
23335.0,1005
23336.0,230
23337.0,765
23338.0,1728
23339.0,435
23340.0,250
23341.0,642
23342.0,105
23343.0,475
23344.0,1089
23345.0,248
23346.0,228
23347.0,581
23348.0,104
23349.0,448
23350.0,1030
23351.0,245
23352.0,389
23353.0,932
23354.0,195
23355.0,712
23356.0,1655
23357.0,398
23358.0,229
23359.0,626
23360.0,95
23361.0,455
23362.0,1073
23363.0,235
23364.0,284
23365.0,659
23366.0,153
23367.0,523
23368.0,1150
23369.0,317
23370.0,476
23371.0,1053
23372.0,268
23373.0,813
23374.0,1812
23375.0,488
23376.0,281
23377.0,701
23378.0,142
23379.0,527
23380.0,1189
23381.0,304
23382.0,282
23383.0,648
23384.0,152
23385.0,519
23386.0,1134
23387.0,313
23388.0,475
23389.0,1047
23390.0,267
23391.0,810
23392.0,1800
23393.0,485
23394.0,283
23395.0,693
23396.0,143
23397.0,526
23398.0,1176
23399.0,303
23400.0,249
23401.0,620
23402.0,123
23403.0,476
23404.0,1094
23405.0,274
23406.0,451
23407.0,1037
23408.0,247
23409.0,781
23410.0,1785
23411.0,460
23412.0,288
23413.0,695
23414.0,148
23415.0,529
23416.0,1169
23417.0,306
23418.0,258
23419.0,624
23420.0,127
23421.0,477
23422.0,1092
23423.0,271
23424.0,441
23425.0,1023
23426.0,233
23427.0,769
23428.0,1769
23429.0,443
23430.0,278
23431.0,687
23432.0,138
23433.0,494
23434.0,1142
23435.0,271
23436.0,269
23437.0,638
23438.0,139
23439.0,500
23440.0,1133
23441.0,295
23442.0,456
23443.0,1033
23444.0,249
23445.0,791
23446.0,1801
23447.0,467
23448.0,272
23449.0,692
23450.0,135
23451.0,500
23452.0,1175
23453.0,281
23454.0,277
23455.0,644
23456.0,142
23457.0,505
23458.0,1127
23459.0,294
23460.0,464
23461.0,1038
23462.0,251
23463.0,794
23464.0,1793
23465.0,464
23466.0,283
23467.0,701
23468.0,138
23469.0,524
23470.0,1187
23471.0,296
23472.0,273
23473.0,639
23474.0,137
23475.0,489
23476.0,1109
23477.0,277
23478.0,459
23479.0,1025
23480.0,246
23481.0,779
23482.0,1771
23483.0,449
23484.0,282
23485.0,698
23486.0,137
23487.0,507
23488.0,1170
23489.0,280
23490.0,286
23491.0,653
23492.0,146
23493.0,502
23494.0,1124
23495.0,286
23496.0,473
23497.0,1047
23498.0,255
23499.0,793
23500.0,1793
23501.0,458
23502.0,299
23503.0,717
23504.0,149
23505.0,525
23506.0,1189
23507.0,292
23508.0,268
23509.0,624
23510.0,128
23511.0,484
23512.0,1094
23513.0,268
23514.0,452
23515.0,1007
23516.0,234
23517.0,772
23518.0,1752
23519.0,437
23520.0,280
23521.0,687
23522.0,130
23523.0,506
23524.0,1159
23525.0,274
23526.0,262
23527.0,585
23528.0,141
23529.0,445
23530.0,1041
23531.0,248
23532.0,446
23533.0,968
23534.0,247
23535.0,733
23536.0,1699
23537.0,411
23538.0,272
23539.0,645
23540.0,141
23541.0,464
23542.0,1103
23543.0,251
23544.0,330
23545.0,586
23546.0,149
23547.0,610
23548.0,1178
23549.0,266
23550.0,574
23551.0,1088
23552.0,284
23553.0,1103
23554.0,2085
23555.0,545
23556.0,356
23557.0,677
23558.0,162
23559.0,664
23560.0,1290
23561.0,299
23562.0,197
23563.0,490
23564.0,90
23565.0,354
23566.0,941
23567.0,184
23568.0,398
23569.0,921
23570.0,165
23571.0,760
23572.0,1728
23573.0,397
23574.0,220
23575.0,550
23576.0,98
23577.0,405
23578.0,1021
23579.0,212
23580.0,193
23581.0,518
23582.0,106
23583.0,360
23584.0,854
23585.0,212
23586.0,350
23587.0,880
23588.0,181
23589.0,634
23590.0,1475
23591.0,352
23592.0,196
23593.0,570
23594.0,94
23595.0,373
23596.0,909
23597.0,199
23598.0,200
23599.0,529
23600.0,99
23601.0,367
23602.0,864
23603.0,205
23604.0,357
23605.0,899
23606.0,175
23607.0,641
23608.0,1494
23609.0,346
23610.0,210
23611.0,563
23612.0,94
23613.0,383
23614.0,898
23615.0,195
23616.0,188
23617.0,512
23618.0,88
23619.0,355
23620.0,848
23621.0,193
23622.0,347
23623.0,885
23624.0,165
23625.0,636
23626.0,1485
23627.0,341
23628.0,198
23629.0,547
23630.0,82
23631.0,372
23632.0,882
23633.0,184
23634.0,199
23635.0,514
23636.0,88
23637.0,364
23638.0,827
23639.0,192
23640.0,349
23641.0,878
23642.0,162
23643.0,622
23644.0,1441
23645.0,321
23646.0,200
23647.0,539
23648.0,84
23649.0,374
23650.0,854
23651.0,190
23652.0,233
23653.0,546
23654.0,111
23655.0,419
23656.0,892
23657.0,228
23658.0,387
23659.0,895
23660.0,187
23661.0,681
23662.0,1520
23663.0,361
23664.0,237
23665.0,573
23666.0,109
23667.0,428
23668.0,919
23669.0,226
23670.0,200
23671.0,530
23672.0,87
23673.0,370
23674.0,851
23675.0,192
23676.0,353
23677.0,883
23678.0,164
23679.0,632
23680.0,1481
23681.0,326
23682.0,203
23683.0,558
23684.0,86
23685.0,379
23686.0,878
23687.0,190
23688.0,190
23689.0,502
23690.0,77
23691.0,370
23692.0,863
23693.0,192
23694.0,348
23695.0,855
23696.0,158
23697.0,632
23698.0,1491
23699.0,326
23700.0,193
23701.0,529
23702.0,75
23703.0,379
23704.0,891
23705.0,190
23706.0,251
23707.0,590
23708.0,135
23709.0,452
23710.0,983
23711.0,272
23712.0,411
23713.0,917
23714.0,218
23715.0,716
23716.0,1584
23717.0,406
23718.0,252
23719.0,618
23720.0,131
23721.0,459
23722.0,1010
23723.0,267
23724.0,253
23725.0,589
23726.0,118
23727.0,454
23728.0,1014
23729.0,255
23730.0,412
23731.0,917
23732.0,201
23733.0,717
23734.0,1615
23735.0,389
23736.0,254
23737.0,618
23738.0,114
23739.0,461
23740.0,1040
23741.0,250
23742.0,246
23743.0,572
23744.0,110
23745.0,437
23746.0,987
23747.0,238
23748.0,410
23749.0,909
23750.0,198
23751.0,705
23752.0,1598
23753.0,377
23754.0,246
23755.0,600
23756.0,105
23757.0,444
23758.0,1014
23759.0,232
23760.0,241
23761.0,578
23762.0,106
23763.0,438
23764.0,984
23765.0,238
23766.0,403
23767.0,914
23768.0,192
23769.0,706
23770.0,1596
23771.0,378
23772.0,242
23773.0,607
23774.0,101
23775.0,445
23776.0,1010
23777.0,232
23778.0,243
23779.0,601
23780.0,100
23781.0,439
23782.0,1032
23783.0,231
23784.0,401
23785.0,950
23786.0,181
23787.0,703
23788.0,1657
23789.0,367
23790.0,244
23791.0,629
23792.0,95
23793.0,446
23794.0,1058
23795.0,226
23796.0,218
23797.0,574
23798.0,91
23799.0,417
23800.0,978
23801.0,225
23802.0,383
23803.0,907
23804.0,179
23805.0,688
23806.0,1588
23807.0,367
23808.0,222
23809.0,605
23810.0,86
23811.0,427
23812.0,1007
23813.0,219
23814.0,221
23815.0,589
23816.0,97
23817.0,418
23818.0,992
23819.0,226
23820.0,395
23821.0,926
23822.0,190
23823.0,695
23824.0,1602
23825.0,374
23826.0,228
23827.0,623
23828.0,95
23829.0,431
23830.0,1024
23831.0,223
23832.0,255
23833.0,619
23834.0,123
23835.0,478
23836.0,1056
23837.0,267
23838.0,434
23839.0,984
23840.0,224
23841.0,755
23842.0,1688
23843.0,425
23844.0,261
23845.0,653
23846.0,117
23847.0,491
23848.0,1087
23849.0,259
23850.0,242
23851.0,597
23852.0,115
23853.0,452
23854.0,1021
23855.0,249
23856.0,425
23857.0,966
23858.0,220
23859.0,730
23860.0,1655
23861.0,408
23862.0,250
23863.0,631
23864.0,113
23865.0,465
23866.0,1053
23867.0,246
23868.0,219
23869.0,567
23870.0,91
23871.0,430
23872.0,1002
23873.0,227
23874.0,401
23875.0,936
23876.0,196
23877.0,720
23878.0,1649
23879.0,398
23880.0,243
23881.0,618
23882.0,106
23883.0,460
23884.0,1051
23885.0,240
23886.0,254
23887.0,616
23888.0,119
23889.0,473
23890.0,1065
23891.0,262
23892.0,442
23893.0,1005
23894.0,230
23895.0,765
23896.0,1728
23897.0,435
23898.0,250
23899.0,642
23900.0,105
23901.0,475
23902.0,1089
23903.0,248
23904.0,228
23905.0,581
23906.0,104
23907.0,448
23908.0,1030
23909.0,245
23910.0,389
23911.0,932
23912.0,195
23913.0,712
23914.0,1655
23915.0,398
23916.0,229
23917.0,626
23918.0,95
23919.0,455
23920.0,1073
23921.0,235
23922.0,284
23923.0,657
23924.0,154
23925.0,523
23926.0,1137
23927.0,317
23928.0,477
23929.0,1056
23930.0,269
23931.0,814
23932.0,1804
23933.0,489
23934.0,282
23935.0,699
23936.0,142
23937.0,527
23938.0,1177
23939.0,305
23940.0,282
23941.0,648
23942.0,152
23943.0,519
23944.0,1134
23945.0,313
23946.0,475
23947.0,1047
23948.0,267
23949.0,810
23950.0,1800
23951.0,485
23952.0,283
23953.0,693
23954.0,143
23955.0,526
23956.0,1176
23957.0,303
23958.0,249
23959.0,620
23960.0,123
23961.0,476
23962.0,1094
23963.0,274
23964.0,451
23965.0,1037
23966.0,247
23967.0,781
23968.0,1785
23969.0,460
23970.0,288
23971.0,695
23972.0,148
23973.0,529
23974.0,1169
23975.0,306
23976.0,268
23977.0,641
23978.0,137
23979.0,487
23980.0,1098
23981.0,281
23982.0,451
23983.0,1030
23984.0,243
23985.0,778
23986.0,1764
23987.0,453
23988.0,280
23989.0,703
23990.0,142
23991.0,496
23992.0,1148
23993.0,276
23994.0,269
23995.0,638
23996.0,139
23997.0,500
23998.0,1133
23999.0,295
24000.0,456
24001.0,1033
24002.0,249
24003.0,791
24004.0,1801
24005.0,467
24006.0,272
24007.0,692
24008.0,135
24009.0,500
24010.0,1175
24011.0,281
24012.0,277
24013.0,644
24014.0,142
24015.0,505
24016.0,1127
24017.0,294
24018.0,464
24019.0,1038
24020.0,251
24021.0,794
24022.0,1793
24023.0,464
24024.0,283
24025.0,701
24026.0,138
24027.0,524
24028.0,1187
24029.0,296
24030.0,273
24031.0,639
24032.0,137
24033.0,489
24034.0,1109
24035.0,277
24036.0,459
24037.0,1025
24038.0,246
24039.0,779
24040.0,1771
24041.0,449
24042.0,282
24043.0,698
24044.0,137
24045.0,507
24046.0,1170
24047.0,280
24048.0,286
24049.0,653
24050.0,146
24051.0,502
24052.0,1124
24053.0,286
24054.0,473
24055.0,1047
24056.0,255
24057.0,793
24058.0,1793
24059.0,458
24060.0,299
24061.0,717
24062.0,149
24063.0,525
24064.0,1189
24065.0,292
24066.0,268
24067.0,624
24068.0,128
24069.0,484
24070.0,1094
24071.0,268
24072.0,452
24073.0,1007
24074.0,234
24075.0,772
24076.0,1752
24077.0,437
24078.0,280
24079.0,687
24080.0,130
24081.0,506
24082.0,1159
24083.0,274
24084.0,293
24085.0,641
24086.0,153
24087.0,487
24088.0,1104
24089.0,272
24090.0,476
24091.0,1024
24092.0,259
24093.0,775
24094.0,1762
24095.0,440
24096.0,302
24097.0,701
24098.0,153
24099.0,506
24100.0,1165
24101.0,274
24102.0,330
24103.0,586
24104.0,149
24105.0,610
24106.0,1178
24107.0,266
24108.0,574
24109.0,1088
24110.0,284
24111.0,1103
24112.0,2085
24113.0,545
24114.0,356
24115.0,677
24116.0,162
24117.0,664
24118.0,1290
24119.0,299
24120.0,197
24121.0,490
24122.0,90
24123.0,354
24124.0,941
24125.0,184
24126.0,398
24127.0,921
24128.0,165
24129.0,760
24130.0,1728
24131.0,397
24132.0,220
24133.0,550
24134.0,98
24135.0,405
24136.0,1021
24137.0,212
24138.0,193
24139.0,518
24140.0,106
24141.0,360
24142.0,854
24143.0,212
24144.0,350
24145.0,880
24146.0,181
24147.0,634
24148.0,1475
24149.0,352
24150.0,196
24151.0,570
24152.0,94
24153.0,373
24154.0,909
24155.0,199
24156.0,200
24157.0,529
24158.0,99
24159.0,367
24160.0,864
24161.0,205
24162.0,357
24163.0,899
24164.0,175
24165.0,641
24166.0,1494
24167.0,346
24168.0,210
24169.0,563
24170.0,94
24171.0,383
24172.0,898
24173.0,195
24174.0,188
24175.0,512
24176.0,88
24177.0,355
24178.0,848
24179.0,193
24180.0,347
24181.0,885
24182.0,165
24183.0,636
24184.0,1485
24185.0,341
24186.0,198
24187.0,547
24188.0,82
24189.0,372
24190.0,882
24191.0,184
24192.0,199
24193.0,514
24194.0,88
24195.0,364
24196.0,827
24197.0,192
24198.0,349
24199.0,878
24200.0,162
24201.0,622
24202.0,1441
24203.0,321
24204.0,200
24205.0,539
24206.0,84
24207.0,374
24208.0,854
24209.0,190
24210.0,196
24211.0,519
24212.0,83
24213.0,369
24214.0,850
24215.0,192
24216.0,349
24217.0,853
24218.0,160
24219.0,631
24220.0,1462
24221.0,325
24222.0,199
24223.0,546
24224.0,82
24225.0,379
24226.0,877
24227.0,190
24228.0,200
24229.0,530
24230.0,87
24231.0,370
24232.0,851
24233.0,192
24234.0,353
24235.0,883
24236.0,164
24237.0,632
24238.0,1481
24239.0,326
24240.0,203
24241.0,558
24242.0,86
24243.0,379
24244.0,878
24245.0,190
24246.0,201
24247.0,547
24248.0,99
24249.0,380
24250.0,908
24251.0,213
24252.0,345
24253.0,855
24254.0,166
24255.0,630
24256.0,1492
24257.0,334
24258.0,215
24259.0,589
24260.0,97
24261.0,400
24262.0,948
24263.0,211
24264.0,251
24265.0,590
24266.0,135
24267.0,452
24268.0,983
24269.0,272
24270.0,411
24271.0,917
24272.0,218
24273.0,716
24274.0,1584
24275.0,406
24276.0,252
24277.0,618
24278.0,131
24279.0,459
24280.0,1010
24281.0,267
24282.0,253
24283.0,589
24284.0,118
24285.0,454
24286.0,1014
24287.0,255
24288.0,412
24289.0,917
24290.0,201
24291.0,717
24292.0,1615
24293.0,389
24294.0,254
24295.0,618
24296.0,114
24297.0,461
24298.0,1040
24299.0,250
24300.0,246
24301.0,572
24302.0,110
24303.0,437
24304.0,987
24305.0,238
24306.0,410
24307.0,909
24308.0,198
24309.0,705
24310.0,1598
24311.0,377
24312.0,246
24313.0,600
24314.0,105
24315.0,444
24316.0,1014
24317.0,232
24318.0,246
24319.0,615
24320.0,103
24321.0,443
24322.0,1043
24323.0,235
24324.0,406
24325.0,965
24326.0,187
24327.0,709
24328.0,1669
24329.0,373
24330.0,247
24331.0,643
24332.0,98
24333.0,449
24334.0,1069
24335.0,229
24336.0,243
24337.0,601
24338.0,100
24339.0,439
24340.0,1032
24341.0,231
24342.0,401
24343.0,950
24344.0,181
24345.0,703
24346.0,1657
24347.0,367
24348.0,244
24349.0,629
24350.0,95
24351.0,446
24352.0,1058
24353.0,226
24354.0,211
24355.0,583
24356.0,84
24357.0,409
24358.0,988
24359.0,218
24360.0,382
24361.0,917
24362.0,177
24363.0,686
24364.0,1598
24365.0,366
24366.0,213
24367.0,615
24368.0,76
24369.0,418
24370.0,1017
24371.0,210
24372.0,221
24373.0,589
24374.0,97
24375.0,418
24376.0,992
24377.0,226
24378.0,395
24379.0,926
24380.0,190
24381.0,695
24382.0,1602
24383.0,374
24384.0,228
24385.0,623
24386.0,95
24387.0,431
24388.0,1024
24389.0,223
24390.0,215
24391.0,567
24392.0,89
24393.0,419
24394.0,962
24395.0,218
24396.0,394
24397.0,932
24398.0,191
24399.0,696
24400.0,1594
24401.0,375
24402.0,221
24403.0,601
24404.0,86
24405.0,432
24406.0,993
24407.0,215
24408.0,242
24409.0,597
24410.0,115
24411.0,452
24412.0,1021
24413.0,249
24414.0,425
24415.0,966
24416.0,220
24417.0,730
24418.0,1655
24419.0,408
24420.0,250
24421.0,631
24422.0,113
24423.0,465
24424.0,1053
24425.0,246
24426.0,219
24427.0,567
24428.0,91
24429.0,430
24430.0,1002
24431.0,227
24432.0,401
24433.0,936
24434.0,196
24435.0,720
24436.0,1649
24437.0,398
24438.0,243
24439.0,618
24440.0,106
24441.0,460
24442.0,1051
24443.0,240
24444.0,254
24445.0,616
24446.0,119
24447.0,473
24448.0,1065
24449.0,262
24450.0,442
24451.0,1005
24452.0,230
24453.0,765
24454.0,1728
24455.0,435
24456.0,250
24457.0,642
24458.0,105
24459.0,475
24460.0,1089
24461.0,248
24462.0,228
24463.0,581
24464.0,104
24465.0,448
24466.0,1030
24467.0,245
24468.0,389
24469.0,932
24470.0,195
24471.0,712
24472.0,1655
24473.0,398
24474.0,229
24475.0,626
24476.0,95
24477.0,455
24478.0,1073
24479.0,235
24480.0,284
24481.0,657
24482.0,154
24483.0,523
24484.0,1137
24485.0,317
24486.0,477
24487.0,1056
24488.0,269
24489.0,814
24490.0,1804
24491.0,489
24492.0,282
24493.0,699
24494.0,142
24495.0,527
24496.0,1177
24497.0,305
24498.0,287
24499.0,653
24500.0,156
24501.0,524
24502.0,1138
24503.0,318
24504.0,479
24505.0,1051
24506.0,271
24507.0,815
24508.0,1805
24509.0,490
24510.0,287
24511.0,698
24512.0,147
24513.0,531
24514.0,1181
24515.0,308
24516.0,249
24517.0,620
24518.0,123
24519.0,476
24520.0,1094
24521.0,274
24522.0,451
24523.0,1037
24524.0,247
24525.0,781
24526.0,1785
24527.0,460
24528.0,288
24529.0,695
24530.0,148
24531.0,529
24532.0,1169
24533.0,306
24534.0,268
24535.0,641
24536.0,137
24537.0,487
24538.0,1098
24539.0,281
24540.0,451
24541.0,1030
24542.0,243
24543.0,778
24544.0,1764
24545.0,453
24546.0,280
24547.0,703
24548.0,142
24549.0,496
24550.0,1148
24551.0,276
24552.0,269
24553.0,638
24554.0,139
24555.0,500
24556.0,1133
24557.0,295
24558.0,456
24559.0,1033
24560.0,249
24561.0,791
24562.0,1801
24563.0,467
24564.0,272
24565.0,692
24566.0,135
24567.0,500
24568.0,1175
24569.0,281
24570.0,277
24571.0,644
24572.0,142
24573.0,505
24574.0,1127
24575.0,294
24576.0,464
24577.0,1038
24578.0,251
24579.0,794
24580.0,1793
24581.0,464
24582.0,283
24583.0,701
24584.0,138
24585.0,524
24586.0,1187
24587.0,296
24588.0,273
24590.0,137
24591.0,489
24592.0,1109
24593.0,277
24594.0,459
24595.0,1025
24596.0,246
24597.0,779
24598.0,1771
24599.0,449
24600.0,282
24601.0,698
24602.0,137
24603.0,507
24604.0,1170
24605.0,280
24606.0,302
24607.0,680
24608.0,161
24609.0,518
24610.0,1151
24611.0,301
24612.0,486
24613.0,1072
24614.0,268
24615.0,806
24616.0,1817
24617.0,471
24618.0,314
24619.0,744
24620.0,164
24621.0,540
24622.0,1216
24623.0,307
24624.0,268
24625.0,624
24626.0,128
24627.0,484
24628.0,1094
24629.0,268
24630.0,452
24631.0,1007
24632.0,234
24633.0,772
24634.0,1752
24635.0,437
24636.0,280
24637.0,687
24638.0,130
24639.0,506
24640.0,1159
24641.0,274
24642.0,330
24643.0,586
24644.0,149
24645.0,610
24646.0,1178
24647.0,266
24648.0,574
24649.0,1088
24650.0,284
24651.0,1103
24652.0,2085
24653.0,545
24654.0,356
24655.0,677
24656.0,162
24657.0,664
24658.0,1290
24659.0,299
24660.0,215
24661.0,540
24662.0,105
24663.0,373
24664.0,990
24665.0,203
24666.0,416
24667.0,970
24668.0,179
24669.0,778
24670.0,1778
24671.0,414
24672.0,239
24673.0,599
24674.0,113
24675.0,424
24676.0,1070
24677.0,231
24678.0,193
24679.0,518
24680.0,106
24681.0,360
24682.0,854
24683.0,212
24684.0,350
24685.0,880
24686.0,181
24687.0,634
24688.0,1475
24689.0,352
24690.0,196
24691.0,570
24692.0,94
24693.0,373
24694.0,909
24695.0,199
24696.0,200
24697.0,529
24698.0,99
24699.0,367
24700.0,864
24701.0,205
24702.0,357
24703.0,899
24704.0,175
24705.0,641
24706.0,1494
24707.0,346
24708.0,210
24709.0,563
24710.0,94
24711.0,383
24712.0,898
24713.0,195
24714.0,240
24715.0,562
24716.0,110
24717.0,419
24718.0,910
24719.0,225
24720.0,405
24721.0,937
24722.0,191
24723.0,705
24724.0,1548
24725.0,375
24726.0,243
24727.0,590
24728.0,108
24729.0,428
24730.0,937
24731.0,223
24732.0,199
24733.0,514
24734.0,88
24735.0,364
24736.0,827
24737.0,192
24738.0,349
24739.0,878
24740.0,162
24741.0,622
24742.0,1441
24743.0,321
24744.0,200
24745.0,539
24746.0,84
24747.0,374
24748.0,854
24749.0,190
24750.0,196
24751.0,519
24752.0,83
24753.0,369
24754.0,850
24755.0,192
24756.0,349
24757.0,853
24758.0,160
24759.0,631
24760.0,1462
24761.0,325
24762.0,199
24763.0,546
24764.0,82
24765.0,379
24766.0,877
24767.0,190
24768.0,200
24769.0,530
24770.0,87
24771.0,370
24772.0,851
24773.0,192
24774.0,353
24775.0,883
24776.0,164
24777.0,632
24778.0,1481
24779.0,326
24780.0,203
24781.0,558
24782.0,86
24783.0,379
24784.0,878
24785.0,190
24786.0,201
24787.0,547
24788.0,99
24789.0,380
24790.0,908
24791.0,213
24792.0,345
24793.0,855
24794.0,166
24795.0,630
24796.0,1492
24797.0,334
24798.0,215
24799.0,589
24800.0,97
24801.0,400
24802.0,948
24803.0,211
24804.0,251
24805.0,590
24806.0,135
24807.0,452
24808.0,983
24809.0,272
24810.0,411
24811.0,917
24812.0,218
24813.0,716
24814.0,1584
24815.0,406
24816.0,252
24817.0,618
24818.0,131
24819.0,459
24820.0,1010
24821.0,267
24822.0,247
24823.0,573
24824.0,112
24825.0,439
24826.0,989
24827.0,239
24828.0,405
24829.0,904
24830.0,193
24831.0,700
24832.0,1593
24833.0,372
24834.0,248
24835.0,602
24836.0,107
24837.0,446
24838.0,1015
24839.0,233
24840.0,246
24841.0,572
24842.0,110
24843.0,437
24844.0,987
24845.0,238
24846.0,410
24847.0,909
24848.0,198
24849.0,705
24850.0,1598
24851.0,377
24852.0,246
24853.0,600
24854.0,105
24855.0,444
24856.0,1014
24857.0,232
24858.0,246
24859.0,615
24860.0,103
24861.0,443
24862.0,1043
24863.0,235
24864.0,406
24865.0,965
24866.0,187
24867.0,709
24868.0,1669
24869.0,373
24870.0,247
24871.0,643
24872.0,98
24873.0,449
24874.0,1069
24875.0,229
24876.0,243
24877.0,601
24878.0,100
24879.0,439
24880.0,1032
24881.0,231
24882.0,401
24883.0,950
24884.0,181
24885.0,703
24886.0,1657
24887.0,367
24888.0,244
24889.0,629
24890.0,95
24891.0,446
24892.0,1058
24893.0,226
24894.0,211
24895.0,583
24896.0,84
24897.0,409
24898.0,988
24899.0,218
24900.0,382
24901.0,917
24902.0,177
24903.0,686
24904.0,1598
24905.0,366
24906.0,213
24907.0,615
24908.0,76
24909.0,418
24910.0,1017
24911.0,210
24912.0,221
24913.0,589
24914.0,97
24915.0,418
24916.0,992
24917.0,226
24918.0,395
24919.0,926
24920.0,190
24921.0,695
24922.0,1602
24923.0,374
24924.0,228
24925.0,623
24926.0,95
24927.0,431
24928.0,1024
24929.0,223
24930.0,215
24931.0,567
24932.0,89
24933.0,419
24934.0,962
24935.0,218
24936.0,394
24937.0,932
24938.0,191
24939.0,696
24940.0,1594
24941.0,375
24942.0,221
24943.0,601
24944.0,86
24945.0,432
24946.0,993
24947.0,215
24948.0,242
24949.0,597
24950.0,115
24951.0,452
24952.0,1021
24953.0,249
24954.0,425
24955.0,966
24956.0,220
24957.0,730
24958.0,1655
24959.0,408
24960.0,250
24961.0,631
24962.0,113
24963.0,465
24964.0,1053
24965.0,246
24966.0,268
24967.0,624
24968.0,117
24969.0,494
24970.0,1095
24971.0,267
24972.0,478
24973.0,1038
24974.0,226
24975.0,808
24976.0,1783
24977.0,439
24978.0,267
24979.0,649
24980.0,106
24981.0,499
24982.0,1119
24983.0,256
24984.0,254
24985.0,616
24986.0,119
24987.0,473
24988.0,1065
24989.0,262
24990.0,442
24991.0,1005
24992.0,230
24993.0,765
24994.0,1728
24995.0,435
24996.0,250
24997.0,642
24998.0,105
24999.0,475
25000.0,1089
25001.0,248
25002.0,284
25003.0,659
25004.0,153
25005.0,523
25006.0,1150
25007.0,317
25008.0,476
25009.0,1053
25010.0,268
25011.0,813
25012.0,1812
25013.0,488
25014.0,281
25015.0,701
25016.0,142
25017.0,527
25018.0,1189
25019.0,304
25020.0,284
25021.0,657
25022.0,154
25023.0,523
25024.0,1137
25025.0,317
25026.0,477
25027.0,1056
25028.0,269
25029.0,814
25030.0,1804
25031.0,489
25032.0,282
25033.0,699
25034.0,142
25035.0,527
25036.0,1177
25037.0,305
25038.0,287
25039.0,653
25040.0,156
25041.0,524
25042.0,1138
25043.0,318
25044.0,479
25045.0,1051
25046.0,271
25047.0,815
25048.0,1805
25049.0,490
25050.0,287
25051.0,698
25052.0,147
25053.0,531
25054.0,1181
25055.0,308
25056.0,249
25057.0,620
25058.0,123
25059.0,476
25060.0,1094
25061.0,274
25062.0,451
25063.0,1037
25064.0,247
25065.0,781
25066.0,1785
25067.0,460
25068.0,288
25069.0,695
25070.0,148
25071.0,529
25072.0,1169
25073.0,306
25074.0,268
25075.0,641
25076.0,137
25077.0,487
25078.0,1098
25079.0,281
25080.0,451
25081.0,1030
25082.0,243
25083.0,778
25084.0,1764
25085.0,453
25086.0,280
25087.0,703
25088.0,142
25089.0,496
25090.0,1148
25091.0,276
25092.0,273
25093.0,643
25094.0,138
25095.0,509
25096.0,1142
25097.0,298
25098.0,459
25099.0,1036
25100.0,247
25101.0,800
25102.0,1810
25103.0,470
25104.0,267
25105.0,695
25106.0,125
25107.0,503
25108.0,1186
25109.0,278
25110.0,277
25111.0,644
25112.0,142
25113.0,505
25114.0,1127
25115.0,294
25116.0,464
25117.0,1038
25118.0,251
25119.0,794
25120.0,1793
25121.0,464
25122.0,283
25123.0,701
25124.0,138
25125.0,524
25126.0,1187
25127.0,296
25128.0,273
25129.0,639
25130.0,137
25131.0,489
25132.0,1109
25133.0,277
25134.0,459
25135.0,1025
25136.0,246
25137.0,779
25138.0,1771
25139.0,449
25140.0,282
25141.0,698
25142.0,137
25143.0,507
25144.0,1170
25145.0,280
25146.0,302
25147.0,680
25148.0,161
25149.0,518
25150.0,1151
25151.0,301
25152.0,486
25153.0,1072
25154.0,268
25155.0,806
25156.0,1817
25157.0,471
25158.0,314
25159.0,744
25160.0,164
25161.0,540
25162.0,1216
25163.0,307
25164.0,262
25165.0,585
25166.0,141
25167.0,445
25168.0,1041
25169.0,248
25170.0,446
25171.0,968
25172.0,247
25173.0,733
25174.0,1699
25175.0,411
25176.0,272
25177.0,645
25178.0,141
25179.0,464
25180.0,1103
25181.0,251
25182.0,293
25183.0,641
25184.0,153
25185.0,487
25186.0,1104
25187.0,272
25188.0,476
25189.0,1024
25190.0,259
25191.0,775
25192.0,1762
25193.0,440
25194.0,302
25195.0,701
25196.0,153
25197.0,506
25198.0,1165
25199.0,274
25200.0,330
25201.0,586
25202.0,149
25203.0,610
25204.0,1178
25205.0,266
25206.0,574
25207.0,1088
25208.0,284
25209.0,1103
25210.0,2085
25211.0,545
25212.0,356
25213.0,677
25214.0,162
25215.0,664
25216.0,1290
25217.0,299
25218.0,215
25219.0,540
25220.0,105
25221.0,373
25222.0,990
25223.0,203
25224.0,416
25225.0,970
25226.0,179
25227.0,778
25228.0,1778
25229.0,414
25230.0,239
25231.0,599
25232.0,113
25233.0,424
25234.0,1070
25235.0,231
25236.0,193
25237.0,518
25238.0,106
25239.0,360
25240.0,854
25241.0,212
25242.0,350
25243.0,880
25244.0,181
25245.0,634
25246.0,1475
25247.0,352
25248.0,196
25249.0,570
25250.0,94
25251.0,373
25252.0,909
25253.0,199
25254.0,188
25255.0,512
25256.0,88
25257.0,355
25258.0,848
25259.0,193
25260.0,347
25261.0,885
25262.0,165
25263.0,636
25264.0,1485
25265.0,341
25266.0,198
25267.0,547
25268.0,82
25269.0,372
25270.0,882
25271.0,184
25272.0,240
25273.0,562
25274.0,110
25275.0,419
25276.0,910
25277.0,225
25278.0,405
25279.0,937
25280.0,191
25281.0,705
25282.0,1548
25283.0,375
25284.0,243
25285.0,590
25286.0,108
25287.0,428
25288.0,937
25289.0,223
25290.0,199
25291.0,514
25292.0,88
25293.0,364
25294.0,827
25295.0,192
25296.0,349
25297.0,878
25298.0,162
25299.0,622
25300.0,1441
25301.0,321
25302.0,200
25303.0,539
25304.0,84
25305.0,374
25306.0,854
25307.0,190
25308.0,196
25309.0,519
25310.0,83
25311.0,369
25312.0,850
25313.0,192
25314.0,349
25315.0,853
25316.0,160
25317.0,631
25318.0,1462
25319.0,325
25320.0,199
25321.0,546
25322.0,82
25323.0,379
25324.0,877
25325.0,190
25326.0,190
25327.0,502
25328.0,77
25329.0,370
25330.0,863
25331.0,192
25332.0,348
25333.0,855
25334.0,158
25335.0,632
25336.0,1491
25337.0,326
25338.0,193
25339.0,529
25340.0,75
25341.0,379
25342.0,891
25343.0,190
25344.0,201
25345.0,547
25346.0,99
25347.0,380
25348.0,908
25349.0,213
25350.0,345
25351.0,855
25352.0,166
25353.0,630
25354.0,1492
25355.0,334
25356.0,215
25357.0,589
25358.0,97
25359.0,400
25360.0,948
25361.0,211
25362.0,251
25363.0,590
25364.0,135
25365.0,452
25366.0,983
25367.0,272
25368.0,411
25369.0,917
25370.0,218
25371.0,716
25372.0,1584
25373.0,406
25374.0,252
25375.0,618
25376.0,131
25377.0,459
25378.0,1010
25379.0,267
25380.0,247
25381.0,573
25382.0,112
25383.0,439
25384.0,989
25385.0,239
25386.0,405
25387.0,904
25388.0,193
25389.0,700
25390.0,1593
25391.0,372
25392.0,248
25393.0,602
25394.0,107
25395.0,446
25396.0,1015
25397.0,233
25398.0,246
25399.0,572
25400.0,110
25401.0,437
25402.0,987
25403.0,238
25404.0,410
25405.0,909
25406.0,198
25407.0,705
25408.0,1598
25409.0,377
25410.0,246
25411.0,600
25412.0,105
25413.0,444
25414.0,1014
25415.0,232
25416.0,246
25417.0,615
25418.0,103
25419.0,443
25420.0,1043
25421.0,235
25422.0,406
25423.0,965
25424.0,187
25425.0,709
25426.0,1669
25427.0,373
25428.0,247
25429.0,643
25430.0,98
25431.0,449
25432.0,1069
25433.0,229
25434.0,243
25435.0,601
25436.0,100
25437.0,439
25438.0,1032
25439.0,231
25440.0,401
25441.0,950
25442.0,181
25443.0,703
25444.0,1657
25445.0,367
25446.0,244
25447.0,629
25448.0,95
25449.0,446
25450.0,1058
25451.0,226
25452.0,211
25453.0,583
25454.0,84
25455.0,409
25456.0,988
25457.0,218
25458.0,382
25459.0,917
25460.0,177
25461.0,686
25462.0,1598
25463.0,366
25464.0,213
25465.0,615
25466.0,76
25467.0,418
25468.0,1017
25469.0,210
25470.0,221
25471.0,589
25472.0,97
25473.0,418
25474.0,992
25475.0,226
25476.0,395
25477.0,926
25478.0,190
25479.0,695
25480.0,1602
25481.0,374
25482.0,228
25483.0,623
25484.0,95
25485.0,431
25486.0,1024
25487.0,223
25488.0,215
25489.0,567
25490.0,89
25491.0,419
25492.0,962
25493.0,218
25494.0,394
25495.0,932
25496.0,191
25497.0,696
25498.0,1594
25499.0,375
25500.0,221
25501.0,601
25502.0,86
25503.0,432
25504.0,993
25505.0,215
25506.0,242
25507.0,597
25508.0,115
25509.0,452
25510.0,1021
25511.0,249
25512.0,425
25513.0,966
25514.0,220
25515.0,730
25516.0,1655
25517.0,408
25518.0,250
25519.0,631
25520.0,113
25521.0,465
25522.0,1053
25523.0,246
25524.0,268
25525.0,624
25526.0,117
25527.0,494
25528.0,1095
25529.0,267
25530.0,478
25531.0,1038
25532.0,226
25533.0,808
25534.0,1783
25535.0,439
25536.0,267
25537.0,649
25538.0,106
25539.0,499
25540.0,1119
25541.0,256
25542.0,254
25543.0,616
25544.0,119
25545.0,473
25546.0,1065
25547.0,262
25548.0,442
25549.0,1005
25550.0,230
25551.0,765
25552.0,1728
25553.0,435
25554.0,250
25555.0,642
25556.0,105
25557.0,475
25558.0,1089
25559.0,248
25560.0,284
25561.0,659
25562.0,153
25563.0,523
25564.0,1150
25565.0,317
25566.0,476
25567.0,1053
25568.0,268
25569.0,813
25570.0,1812
25571.0,488
25572.0,281
25573.0,701
25574.0,142
25575.0,527
25576.0,1189
25577.0,304
25578.0,284
25579.0,657
25580.0,154
25581.0,523
25582.0,1137
25583.0,317
25584.0,477
25585.0,1056
25586.0,269
25587.0,814
25588.0,1804
25589.0,489
25590.0,282
25591.0,699
25592.0,142
25593.0,527
25594.0,1177
25595.0,305
25596.0,287
25597.0,653
25598.0,156
25599.0,524
25600.0,1138
25601.0,318
25602.0,479
25603.0,1051
25604.0,271
25605.0,815
25606.0,1805
25607.0,490
25608.0,287
25609.0,698
25610.0,147
25611.0,531
25612.0,1181
25613.0,308
25614.0,258
25615.0,624
25616.0,127
25617.0,477
25618.0,1092
25619.0,271
25620.0,441
25621.0,1023
25622.0,233
25623.0,769
25624.0,1769
25625.0,443
25626.0,278
25627.0,687
25628.0,138
25629.0,494
25630.0,1142
25631.0,271
25632.0,268
25633.0,641
25634.0,137
25635.0,487
25636.0,1098
25637.0,281
25638.0,451
25639.0,1030
25640.0,243
25641.0,778
25642.0,1764
25643.0,453
25644.0,280
25645.0,703
25646.0,142
25647.0,496
25648.0,1148
25649.0,276
25650.0,273
25651.0,643
25652.0,138
25653.0,509
25654.0,1142
25655.0,298
25656.0,459
25657.0,1036
25658.0,247
25659.0,800
25660.0,1810
25661.0,470
25662.0,267
25663.0,695
25664.0,125
25665.0,503
25666.0,1186
25667.0,278
25668.0,283
25669.0,633
25670.0,148
25671.0,501
25672.0,1106
25673.0,290
25674.0,469
25675.0,1020
25676.0,256
25677.0,789
25678.0,1765
25679.0,459
25680.0,287
25681.0,693
25682.0,142
25683.0,515
25684.0,1167
25685.0,287
25686.0,273
25687.0,639
25688.0,137
25689.0,489
25690.0,1109
25691.0,277
25692.0,459
25693.0,1025
25694.0,246
25695.0,779
25696.0,1771
25697.0,449
25698.0,282
25699.0,698
25700.0,137
25701.0,507
25702.0,1170
25703.0,280
25704.0,302
25705.0,680
25706.0,161
25707.0,518
25708.0,1151
25709.0,301
25710.0,486
25711.0,1072
25712.0,268
25713.0,806
25714.0,1817
25715.0,471
25716.0,314
25717.0,744
25718.0,164
25719.0,540
25720.0,1216
25721.0,307
25722.0,262
25723.0,585
25724.0,141
25725.0,445
25726.0,1041
25727.0,248
25728.0,446
25729.0,968
25730.0,247
25731.0,733
25732.0,1699
25733.0,411
25734.0,272
25735.0,645
25736.0,141
25737.0,464
25738.0,1103
25739.0,251
25740.0,197
25741.0,490
25742.0,90
25743.0,354
25744.0,941
25745.0,184
25746.0,398
25747.0,921
25748.0,165
25749.0,760
25750.0,1728
25751.0,397
25752.0,220
25753.0,550
25754.0,98
25755.0,405
25756.0,1021
25757.0,212
25758.0,215
25759.0,540
25760.0,105
25761.0,373
25762.0,990
25763.0,203
25764.0,416
25765.0,970
25766.0,179
25767.0,778
25768.0,1778
25769.0,414
25770.0,239
25771.0,599
25772.0,113
25773.0,424
25774.0,1070
25775.0,231
25776.0,193
25777.0,518
25778.0,106
25779.0,360
25780.0,854
25781.0,212
25782.0,350
25783.0,880
25784.0,181
25785.0,634
25786.0,1475
25787.0,352
25788.0,196
25789.0,570
25790.0,94
25791.0,373
25792.0,909
25793.0,199
25794.0,188
25795.0,512
25796.0,88
25797.0,355
25798.0,848
25799.0,193
25800.0,347
25801.0,885
25802.0,165
25803.0,636
25804.0,1485
25805.0,341
25806.0,198
25807.0,547
25808.0,82
25809.0,372
25810.0,882
25811.0,184
25812.0,240
25813.0,562
25814.0,110
25815.0,419
25816.0,910
25817.0,225
25818.0,405
25819.0,937
25820.0,191
25821.0,705
25822.0,1548
25823.0,375
25824.0,243
25825.0,590
25826.0,108
25827.0,428
25828.0,937
25829.0,223
25830.0,233
25831.0,546
25832.0,111
25833.0,419
25834.0,892
25835.0,228
25836.0,387
25837.0,895
25838.0,187
25839.0,681
25840.0,1520
25841.0,361
25842.0,237
25843.0,573
25844.0,109
25845.0,428
25846.0,919
25847.0,226
25848.0,196
25849.0,519
25850.0,83
25851.0,369
25852.0,850
25853.0,192
25854.0,349
25855.0,853
25856.0,160
25857.0,631
25858.0,1462
25859.0,325
25860.0,199
25861.0,546
25862.0,82
25863.0,379
25864.0,877
25865.0,190
25866.0,190
25867.0,502
25868.0,77
25869.0,370
25870.0,863
25871.0,192
25872.0,348
25873.0,855
25874.0,158
25875.0,632
25876.0,1491
25877.0,326
25878.0,193
25879.0,529
25880.0,75
25881.0,379
25882.0,891
25883.0,190
25884.0,201
25885.0,547
25886.0,99
25887.0,380
25888.0,908
25889.0,213
25890.0,345
25891.0,855
25892.0,166
25893.0,630
25894.0,1492
25895.0,334
25896.0,215
25897.0,589
25898.0,97
25899.0,400
25900.0,948
25901.0,211
25902.0,253
25903.0,589
25904.0,118
25905.0,454
25906.0,1014
25907.0,255
25908.0,412
25909.0,917
25910.0,201
25911.0,717
25912.0,1615
25913.0,389
25914.0,254
25915.0,618
25916.0,114
25917.0,461
25918.0,1040
25919.0,250
25920.0,247
25921.0,573
25922.0,112
25923.0,439
25924.0,989
25925.0,239
25926.0,405
25927.0,904
25928.0,193
25929.0,700
25930.0,1593
25931.0,372
25932.0,248
25933.0,602
25934.0,107
25935.0,446
25936.0,1015
25937.0,233
25938.0,241
25939.0,578
25940.0,106
25941.0,438
25942.0,984
25943.0,238
25944.0,403
25945.0,914
25946.0,192
25947.0,706
25948.0,1596
25949.0,378
25950.0,242
25951.0,607
25952.0,101
25953.0,445
25954.0,1010
25955.0,232
25956.0,246
25957.0,615
25958.0,103
25959.0,443
25960.0,1043
25961.0,235
25962.0,406
25963.0,965
25964.0,187
25965.0,709
25966.0,1669
25967.0,373
25968.0,247
25969.0,643
25970.0,98
25971.0,449
25972.0,1069
25973.0,229
25974.0,218
25975.0,574
25976.0,91
25977.0,417
25978.0,978
25979.0,225
25980.0,383
25981.0,907
25982.0,179
25983.0,688
25984.0,1588
25985.0,367
25986.0,222
25987.0,605
25988.0,86
25989.0,427
25990.0,1007
25991.0,219
25992.0,211
25993.0,583
25994.0,84
25995.0,409
25996.0,988
25997.0,218
25998.0,382
25999.0,917
26000.0,177
26001.0,686
26002.0,1598
26003.0,366
26004.0,213
26005.0,615
26006.0,76
26007.0,418
26008.0,1017
26009.0,210
26010.0,255
26011.0,619
26012.0,123
26013.0,478
26014.0,1056
26015.0,267
26016.0,434
26017.0,984
26018.0,224
26019.0,755
26020.0,1688
26021.0,425
26022.0,261
26023.0,653
26024.0,117
26025.0,491
26026.0,1087
26027.0,259
26028.0,215
26029.0,567
26030.0,89
26031.0,419
26032.0,962
26033.0,218
26034.0,394
26035.0,932
26036.0,191
26037.0,696
26038.0,1594
26039.0,375
26040.0,221
26041.0,601
26042.0,86
26043.0,432
26044.0,993
26045.0,215
26046.0,219
26047.0,567
26048.0,91
26049.0,430
26050.0,1002
26051.0,227
26052.0,401
26053.0,936
26054.0,196
26055.0,720
26056.0,1649
26057.0,398
26058.0,243
26059.0,618
26060.0,106
26061.0,460
26062.0,1051
26063.0,240
26064.0,268
26065.0,624
26066.0,117
26067.0,494
26068.0,1095
26069.0,267
26070.0,478
26071.0,1038
26072.0,226
26073.0,808
26074.0,1783
26075.0,439
26076.0,267
26077.0,649
26078.0,106
26079.0,499
26080.0,1119
26081.0,256
26082.0,228
26083.0,581
26084.0,104
26085.0,448
26086.0,1030
26087.0,245
26088.0,389
26089.0,932
26090.0,195
26091.0,712
26092.0,1655
26093.0,398
26094.0,229
26095.0,626
26096.0,95
26097.0,455
26098.0,1073
26099.0,235
26100.0,284
26101.0,659
26102.0,153
26103.0,523
26104.0,1150
26105.0,317
26106.0,476
26107.0,1053
26108.0,268
26109.0,813
26110.0,1812
26111.0,488
26112.0,281
26113.0,701
26114.0,142
26115.0,527
26116.0,1189
26117.0,304
26118.0,284
26119.0,657
26120.0,154
26121.0,523
26122.0,1137
26123.0,317
26124.0,477
26125.0,1056
26126.0,269
26127.0,814
26128.0,1804
26129.0,489
26130.0,282
26131.0,699
26132.0,142
26133.0,527
26134.0,1177
26135.0,305
26136.0,287
26137.0,653
26138.0,156
26139.0,524
26140.0,1138
26141.0,318
26142.0,479
26143.0,1051
26144.0,271
26145.0,815
26146.0,1805
26147.0,490
26148.0,287
26149.0,698
26150.0,147
26151.0,531
26152.0,1181
26153.0,308
26154.0,258
26155.0,624
26156.0,127
26157.0,477
26158.0,1092
26159.0,271
26160.0,441
26161.0,1023
26162.0,233
26163.0,769
26164.0,1769
26165.0,443
26166.0,278
26167.0,687
26168.0,138
26169.0,494
26170.0,1142
26171.0,271
26172.0,268
26173.0,641
26174.0,137
26175.0,487
26176.0,1098
26177.0,281
26178.0,451
26179.0,1030
26180.0,243
26181.0,778
26182.0,1764
26183.0,453
26184.0,280
26185.0,703
26186.0,142
26187.0,496
26188.0,1148
26189.0,276
26190.0,273
26191.0,643
26192.0,138
26193.0,509
26194.0,1142
26195.0,298
26196.0,459
26197.0,1036
26198.0,247
26199.0,800
26200.0,1810
26201.0,470
26202.0,267
26203.0,695
26204.0,125
26205.0,503
26206.0,1186
26207.0,278
26208.0,283
26209.0,633
26210.0,148
26211.0,501
26212.0,1106
26213.0,290
26214.0,469
26215.0,1020
26216.0,256
26217.0,789
26218.0,1765
26219.0,459
26220.0,287
26221.0,693
26222.0,142
26223.0,515
26224.0,1167
26225.0,287
26226.0,286
26227.0,653
26228.0,146
26229.0,502
26230.0,1124
26231.0,286
26232.0,473
26233.0,1047
26234.0,255
26235.0,793
26236.0,1793
26237.0,458
26238.0,299
26239.0,717
26240.0,149
26241.0,525
26242.0,1189
26243.0,292
26244.0,302
26245.0,680
26246.0,161
26247.0,518
26248.0,1151
26249.0,301
26250.0,486
26251.0,1072
26252.0,268
26253.0,806
26254.0,1817
26255.0,471
26256.0,314
26257.0,744
26258.0,164
26259.0,540
26260.0,1216
26261.0,307
26262.0,262
26263.0,585
26264.0,141
26265.0,445
26266.0,1041
26267.0,248
26268.0,446
26269.0,968
26270.0,247
26271.0,733
26272.0,1699
26273.0,411
26274.0,272
26275.0,645
26276.0,141
26277.0,464
26278.0,1103
26279.0,251
26280.0,293
26281.0,641
26282.0,153
26283.0,487
26284.0,1104
26285.0,272
26286.0,476
26287.0,1024
26288.0,259
26289.0,775
26290.0,1762
26291.0,440
26292.0,302
26293.0,701
26294.0,153
26295.0,506
26296.0,1165
26297.0,274
